{
  "chrome.exe": {
    "productive": 0.0,
    "unproductive": 0.0,
    "neutral": 1.9117226600646973
  },
  "code.exe": {
    "productive": 103.10763335227966,
    "unproductive": 0.0,
    "neutral": 0.0
  },
  "electron.exe": {
    "productive": 0.0,
    "unproductive": 0.0,
    "neutral": 4.004121541976929
  }
}