{
  "chrome.exe": {
    "productive": 0.0,
    "unproductive": 0.0,
    "neutral": 37.201948165893555
  },
  "electron.exe": {
    "productive": 0.0,
    "unproductive": 0.0,
    "neutral": 2.0163817405700684
  }
}