{
  "code.exe": {
    "productive": 0.0022935867309570312,
    "unproductive": 0.0,
    "neutral": 0.0
  },
  "electron.exe": {
    "productive": 0.0,
    "unproductive": 0.0,
    "neutral": 10.053162813186646
  },
  "explorer.exe": {
    "productive": 0.0,
    "unproductive": 0.0,
    "neutral": 2.004110336303711
  }
}