{
  "bing.com": 1.1397275924682617,
  "postman.com": 2.168853998184204,
  "pst-dl.getpostman.com": 4.3091278076171875
}