{
  "fidelis.": 1.0555229187011719,
  "fidelis-hrms-management-system.test": 3.2638304233551025
}