{
  "google.com": 1.1677565574645996,
  "github.com": 7.638163805007935
}